{"epoch": [1, 2, 3, 4, 5, 6, 7, 8, 9, 10, 11, 12, 13, 14, 15, 16, 17, 18, 19, 20, 21, 22, 23, 24, 25], "train_loss": [0.815403703135303, 0.6407769868417913, 0.5366389985695206, 0.46958021431840874, 0.4259728540097645, 0.38769883333338434, 0.3601636566568874, 0.3392374401336404, 0.32449405769983664, 0.3125591400391411, 0.30359997543744355, 0.298486707246366, 0.2952924276075318, 0.2922801389998564, 0.2914620925662338, 0.2880658337982489, 0.28767907285710026, 0.28479211686036787, 0.28639206478081036, 0.2864393535546439, 0.2829049972535363, 0.2848809308015778, 0.2815176346576802, 0.2808752781206956, 0.2813408910472235], "val_loss": [0.7229432199334586, 0.6032520799226658, 0.514382740861626, 0.4685735438716027, 0.4449537623825894, 0.42827476545046733, 0.42070010938952046, 0.4154476541857566, 0.41011802757939986, 0.40690698695439165, 0.4109565148558668, 0.4064801906513911, 0.40523991851396457, 0.40541184968845817, 0.404923968033124, 0.40759175618489585, 0.40585413330344744, 0.4039055069543982, 0.41057309327587005, 0.40541998950383995, 0.40612237832879505, 0.40767730876963626, 0.4047302152520867, 0.40602635268242127, 0.4052851238045641], "val_dice": [0.11242016390126239, 0.1504572386414774, 0.1811049248541515, 0.18838712339760155, 0.18919569659938096, 0.19331028780950013, 0.19091616986900248, 0.19238790314844859, 0.1944777660376282, 0.19819274605602347, 0.18831231161311107, 0.1934667357994664, 0.1957620433181204, 0.1941513039283855, 0.1938384260093012, 0.19043678839360514, 0.1929051863251915, 0.19363779913994575, 0.18525621019704366, 0.19400497111261533, 0.19156595383520408, 0.18993154293106448, 0.19379419302107184, 0.19206021322918834, 0.19208066508173943]}