{"epoch": [1, 2, 3, 4, 5, 6, 7, 8, 9, 10, 11, 12, 13, 14, 15, 16], "train_loss": [0.8372068623060821, 0.5876087202229118, 0.46293363568537615, 0.40387944226459527, 0.36852438894388334, 0.34322218251254627, 0.32502424255987156, 0.31226389518380987, 0.3015827135553957, 0.29311238091150393, 0.28719436685540045, 0.2834921707085154, 0.28133293504651863, 0.27916143492032647, 0.27768997912042753, 0.27644778626958366], "val_loss": [0.6634690524942132, 0.521230677071438, 0.45382142789902225, 0.4192509247154318, 0.40659681665000097, 0.3987562345432979, 0.3968877075051749, 0.39716466670395223, 0.3968956786073664, 0.39535843272362986, 0.39420271811946744, 0.3943549890672007, 0.39228054187631095, 0.3952716321586281, 0.3928496935547039, 0.3930180522190627], "val_dice": [0.07487875747829877, 0.17401247579964899, 0.18823458051609415, 0.20739391357667986, 0.20550925325482122, 0.20970795387302035, 0.21108748339196687, 0.21270943072213921, 0.20747906028283059, 0.21459850385624876, 0.21337714355879572, 0.21558093374855417, 0.2187928076697293, 0.21531915104597488, 0.21689040302108692, 0.21918219065153471]}