{"epoch": [1, 2, 3, 4, 5, 6, 7, 8, 9, 10, 11, 12, 13, 14, 15, 16], "train_loss": [0.9161613399146968, 0.5722080911392347, 0.4392548829243142, 0.38299802047081616, 0.3479316062413861, 0.3256145342966726, 0.31125165518236647, 0.3024942137187987, 0.2967499511331312, 0.2921441458771634, 0.28834856949235116, 0.2856774983473116, 0.2833055888124166, 0.28130911402804876, 0.2799084279009354, 0.2785247665053726], "val_loss": [0.695500907949222, 0.503750389699013, 0.44332138487087785, 0.4172373790638421, 0.40524049051346317, 0.4033775354713522, 0.39971451051773565, 0.396993646237158, 0.39895662061629755, 0.3974600767320202, 0.3981277243039941, 0.39531456188489034, 0.39782414377376596, 0.39388428775213097, 0.39882502235392087, 0.3957134000973035], "val_dice": [0.10880408529172181, 0.17417512816727482, 0.18646914188860245, 0.19741470124572516, 0.20813336268387814, 0.2044803417904643, 0.21048673795596246, 0.21561584079858437, 0.2073629258356748, 0.2127736894784355, 0.20986221570902133, 0.2153193282856736, 0.21205406214681363, 0.21939787331768262, 0.20997205360762536, 0.21400032445548042]}