{"epoch": [1, 2, 3, 4, 5, 6, 7, 8, 9, 10, 11, 12, 13, 14, 15, 16, 17, 18, 19, 20, 21, 22, 23, 24, 25], "train_loss": [0.8990839693478588, 0.682194234002284, 0.5519153571569265, 0.468773325402644, 0.4139675496201033, 0.3715752824249431, 0.3363783652308495, 0.3080597928693086, 0.2943954248664331, 0.2870290848549516, 0.28308317771883484, 0.2806503159417441, 0.2780471363884705, 0.2756619580905563, 0.2746385954367677, 0.27371288651699593, 0.2726149854842118, 0.27119592658113373, 0.27070405206832804, 0.2700122060330735, 0.2692179723986588, 0.2683939146443376, 0.26789273070934094, 0.26762424904205007, 0.26689061643106404], "val_loss": [0.7880969487210756, 0.6196343680607376, 0.5191955566662614, 0.45422362501903246, 0.4244088905344727, 0.409751260460064, 0.39772858309489423, 0.39407757500166535, 0.39450488767316266, 0.3891460169258938, 0.3991599725395121, 0.3852206654446099, 0.384735771430436, 0.3867905125310344, 0.39302905636449015, 0.3818405206229097, 0.3866583947981558, 0.3852674105346844, 0.38405019380713024, 0.38278026634647, 0.38037296533584597, 0.37947651450352005, 0.3851923107075435, 0.3860033905634316, 0.38398538786877867], "val_dice": [0.11336467646613156, 0.1808402873271255, 0.20800224839679657, 0.22939406056557932, 0.2300206303372178, 0.22202701190466523, 0.22886222192997574, 0.22976161408869009, 0.22059400185141512, 0.22938374729246222, 0.20862311233596134, 0.23122757174675504, 0.23323078495840874, 0.22883873827354884, 0.2179832774915442, 0.23834805485381874, 0.2280437889919486, 0.2303869009434536, 0.23381701749499126, 0.235581987481364, 0.23917288597873462, 0.23995040589202477, 0.2320754676159992, 0.22807942145734383, 0.23188565450329934]}