{"epoch": [1, 2, 3, 4, 5, 6, 7, 8, 9, 10, 11, 12, 13, 14, 15, 16, 17, 18, 19, 20, 21, 22, 23, 24, 25], "train_loss": [0.9078045803323277, 0.6681916963439491, 0.5399084831372023, 0.46071368100756876, 0.40629685718986264, 0.36149834599217534, 0.3246239868642083, 0.30333747733779803, 0.29252305552425023, 0.286587004152776, 0.2821751735576559, 0.27915180999942807, 0.2775142112661072, 0.27550630973724416, 0.27458718162875284, 0.27342418033392396, 0.2721697292299615, 0.2718168587527855, 0.2705035022312792, 0.26975327682028405, 0.26988438873669646, 0.26908215418527826, 0.26875085560848866, 0.26801064983359507, 0.26719638713141725], "val_loss": [0.7889449774065326, 0.6013207972177895, 0.5125371852997811, 0.44780621459407194, 0.4350842160050587, 0.40555793336642687, 0.4017538213729858, 0.3908628547576166, 0.39249905991297895, 0.39781045575295726, 0.3897315135822501, 0.39343220185208067, 0.3904792183445346, 0.3856785154342651, 0.38340123984121505, 0.39934542289344216, 0.38969193086829235, 0.38019624084554693, 0.38168290689427364, 0.38133554015108334, 0.3841418423447558, 0.38395466227685254, 0.38209626402906194, 0.38530095438803397, 0.38312125313666556], "val_dice": [0.12243371035463066, 0.18796050235548967, 0.20643807338771, 0.22290477390491192, 0.20378773662351793, 0.22906297710794274, 0.2207904732695991, 0.23155045420592352, 0.22719629526939444, 0.21600223356998094, 0.22264592410656073, 0.2182817825258419, 0.2212675038813263, 0.23075291951497395, 0.2346822095229741, 0.20697527990986903, 0.22324909937958565, 0.24298801636343362, 0.23747563766215438, 0.2349765682140345, 0.23075928235086063, 0.23433341346841347, 0.2379825505918713, 0.22913273746718563, 0.2319247099801257]}