{"epoch": [1, 2, 3, 4, 5, 6, 7, 8, 9, 10, 11, 12, 13, 14, 15, 16, 17, 18, 19, 20], "train_loss": [0.8534256113885594, 0.7185829882676514, 0.6206877908724915, 0.5492021895810644, 0.49877528863047044, 0.45956941211138874, 0.4282731410712737, 0.39998130593683107, 0.3764341747128553, 0.35734250174968735, 0.34172185863413534, 0.32934296364468785, 0.3188010602619167, 0.3150257927299915, 0.30883657297780437, 0.3120299245210995, 0.3041892066068373, 0.29866919842425954, 0.29655061184610415, 0.2956525772435213], "val_loss": [0.7755997224868224, 0.6679485479816835, 0.5909166820718005, 0.5341363702627269, 0.4951251314271663, 0.46728121120138466, 0.4537873033912798, 0.4396800614433122, 0.4287181564665284, 0.42302771111926857, 0.4216906287195645, 0.4166156975671592, 0.4148863579843656, 0.41315075927187406, 0.4114207249544174, 0.4111037694084768, 0.40923862458904825, 0.40898703403848324, 0.4112556156139676, 0.4082183929627681], "val_dice": [0.09660808888043518, 0.1558019086759295, 0.17045328569516516, 0.17660118594985635, 0.1784708366034264, 0.18312987429382632, 0.17875481944321414, 0.17821081765953342, 0.18267460373531214, 0.18972685720635085, 0.18417151775954524, 0.18602651414355012, 0.18344957965068182, 0.18804095510643906, 0.1900055868857672, 0.18843478698949465, 0.1897541013097685, 0.19119621277376886, 0.18452750428117906, 0.19133871740301558]}