{"epoch": [1, 2, 3, 4, 5, 6, 7, 8, 9, 10, 11, 12, 13, 14, 15, 16], "train_loss": [0.9995835922141099, 0.7745237404952093, 0.6923320239329351, 0.6383906041031134, 0.5961721261842059, 0.5531932011792541, 0.5139801645748208, 0.47991999523961654, 0.4572695258538406, 0.43446784183717024, 0.41729489893389243, 0.40311210798135283, 0.3909187047386378, 0.3800972876847279, 0.3701403289071975, 0.3611925297613806], "val_loss": [0.8447961279054103, 0.7174031233253083, 0.6617863839281394, 0.6140076746114165, 0.5719565795509459, 0.5388015108984503, 0.4974239231133604, 0.4774715015182996, 0.4557040587189812, 0.44344680945100257, 0.434672012623703, 0.42603411576081784, 0.4203223632749408, 0.4173660988035979, 0.4137389991927369, 0.41227129788396133], "val_dice": [0.04800844430320572, 0.07511293993271916, 0.09885017955609525, 0.14302247286885733, 0.17051053792808538, 0.17920627614199106, 0.1883172731408661, 0.18945249392401006, 0.19822205248884062, 0.19687014106781253, 0.19877319498066046, 0.20263578771013194, 0.20558728865745485, 0.20458996442252003, 0.20429405043397594, 0.20489079341854535]}