{"epoch": [1, 2, 3, 4, 5, 6, 7, 8, 9, 10, 11, 12, 13, 14, 15, 16, 17, 18, 19, 20], "train_loss": [0.9938257042732052, 0.7683582678200965, 0.6268958490555765, 0.5209025503117377, 0.45269760923544655, 0.4043064179154548, 0.3657778908575474, 0.33373382402743845, 0.3109730624090198, 0.29926486088644294, 0.2909567862276564, 0.28670103704753375, 0.28351182604566044, 0.2809413252664173, 0.2794545375662074, 0.2777296593405628, 0.27632376896090166, 0.27537457787840663, 0.2744134032120139, 0.27290431936951265], "val_loss": [0.875090315682175, 0.696385805661591, 0.580221775426703, 0.49456291655623374, 0.4563684277224241, 0.4282907716363685, 0.40936910581758207, 0.40401931150224185, 0.3978390663520048, 0.40009982703552016, 0.4065222880663019, 0.39218673724956105, 0.3914786948376891, 0.39119689417315545, 0.3913170972210648, 0.3881653109816921, 0.38954426325560265, 0.3944414078602705, 0.3894126825902291, 0.3912149078504449], "val_dice": [0.1166853656133809, 0.19142172421797696, 0.20388472154655046, 0.21950167587516803, 0.2119538351991191, 0.21724160341632504, 0.2222091109925212, 0.2221390953655123, 0.2234867654647118, 0.2149836340429289, 0.20226344148144168, 0.22277343871083138, 0.22327047219085458, 0.22309629624661623, 0.22397690432980258, 0.22802079891803292, 0.22631120168898783, 0.21620191354823934, 0.22516324729900533, 0.22419825841765903]}