volume_id,dice_Necrosis_unet,iou_Necrosis_unet,dice_Edema_unet,iou_Edema_unet,dice_Enhancing_unet,iou_Enhancing_unet,dice_FG_mean_unet,iou_FG_mean_unet,dice_Necrosis_encdec,iou_Necrosis_encdec,dice_Edema_encdec,iou_Edema_encdec,dice_Enhancing_encdec,iou_Enhancing_encdec,dice_FG_mean_encdec,iou_FG_mean_encdec
volume_179,0.8064516661592485,0.8064516661592485,0.6645161350568329,0.6645161350568329,0.6903225884343364,0.6903225884343364,0.7204301298834725,0.7204301298834725,0.8064516661592485,0.8064516661592485,0.6645161350568329,0.6645161350568329,0.6903225884343364,0.6903225884343364,0.7204301298834725,0.7204301298834725
volume_35,0.6903225860137475,0.6903225860137475,0.6000000082267227,0.6000000082267227,0.6838709709481384,0.6838709709481384,0.6580645217295361,0.6580645217295361,0.6903225860137475,0.6903225860137475,0.6000000082267227,0.6000000082267227,0.6838709709481384,0.6838709709481384,0.6580645217295361,0.6580645217295361
Overall_Mean,0.748387126086498,0.748387126086498,0.6322580716417778,0.6322580716417778,0.6870967796912374,0.6870967796912374,0.6892473258065044,0.6892473258065044,0.748387126086498,0.748387126086498,0.6322580716417778,0.6322580716417778,0.6870967796912374,0.6870967796912374,0.6892473258065044,0.6892473258065044
Overall_Mean,0.748387126086498,0.748387126086498,0.6322580716417778,0.6322580716417778,0.6870967796912374,0.6870967796912374,0.6892473258065044,0.6892473258065044,0.748387126086498,0.748387126086498,0.6322580716417778,0.6322580716417778,0.6870967796912374,0.6870967796912374,0.6892473258065044,0.6892473258065044
