volume_id,dice_Necrosis_unet,iou_Necrosis_unet,dice_Edema_unet,iou_Edema_unet,dice_Enhancing_unet,iou_Enhancing_unet,dice_FG_mean_unet,iou_FG_mean_unet,dice_Necrosis_encdec,iou_Necrosis_encdec,dice_Edema_encdec,iou_Edema_encdec,dice_Enhancing_encdec,iou_Enhancing_encdec,dice_FG_mean_encdec,iou_FG_mean_encdec
volume_178,0.0026507620092989146,0.0013382143698347625,0.20177393461324075,0.16002016010199188,0.1117538448271883,0.10447933920378548,0.10539284714990932,0.08861257122520405,0.6387097132329309,0.6387097132329309,0.5221598226051709,0.47020768289490383,0.6322580671166697,0.6322580671166697,0.5977092009849239,0.5803918210815016
volume_225,0.0031030071883647063,0.001563359505823247,0.2676464795808371,0.21028701199975638,0.1366966330042566,0.12685789255731458,0.13581537325781948,0.11290275468763142,0.6262783203332153,0.6260468770332184,0.5804507405849301,0.5166752889224139,0.5870967811242702,0.5870967811242702,0.5979419473474719,0.5766063156933009
volume_35,0.008239290194971015,0.004193769719119956,0.2025256161645115,0.18360233388491787,0.1690337123551784,0.16523170382583516,0.12659953957155365,0.11767593580995767,0.677419361841421,0.677419361841421,0.5126851171568096,0.49959174555382974,0.6838709709481384,0.6838709709481384,0.6246584833154564,0.620294026114463
volume_54,0.0018236616653914297,0.0009159496564188822,0.15368672040208164,0.12934544189965452,0.10858881084768134,0.10284237160763658,0.08803306430505148,0.07770125438790333,0.7032258148229897,0.7032258148229897,0.5333527739792185,0.5203676179538129,0.6967741943639654,0.6967741943639654,0.6444509277220578,0.640122542380256
Overall_Mean,0.003954180264506516,0.0020028233127992122,0.20640818769016775,0.17081373697158014,0.13151825025857616,0.12485282679864294,0.11396020607108348,0.0992231290276741,0.6614083025576392,0.66135044173264,0.5371621135815323,0.5017105838312401,0.6500000033882609,0.6500000033882609,0.6161901398424775,0.6043536763173804
Overall_Mean,0.003954180264506516,0.0020028233127992122,0.20640818769016775,0.17081373697158014,0.13151825025857616,0.12485282679864294,0.11396020607108348,0.0992231290276741,0.6614083025576392,0.66135044173264,0.5371621135815323,0.5017105838312401,0.6500000033882609,0.6500000033882609,0.6161901398424775,0.6043536763173804
