{"epoch": [1, 2, 3, 4, 5, 6], "train_loss": [1.129036468283735, 0.9221846458623812, 0.8479452064481833, 0.7849885704218852, 0.703822114260357, 0.6242301094916559], "val_loss": [0.9961581206699744, 0.9168146142026256, 0.9564201989285994, 0.7447290399284425, 0.6661555872190318, 0.5978571835080413], "val_dice": [0.0365419445743712, 0.05776623294221827, 0.07988911826197137, 0.13205479335400366, 0.15635691199751092, 0.16824774731698097]}