{"epoch": [1, 2, 3, 4, 5, 6, 7, 8, 9, 10, 11, 12, 13, 14, 15, 16, 17, 18, 19, 20, 21, 22, 23, 24, 25, 26, 27, 28, 29, 30, 31, 32, 33, 34, 35, 36, 37, 38, 39, 40, 41, 42, 43, 44, 45, 46, 47, 48, 49, 50, 51, 52, 53, 54, 55, 56, 57, 58, 59, 60, 61, 62, 63], "train_loss": [1.1510187966060401, 0.9599601967261782, 0.8767714176028104, 0.8225131117972192, 0.763225789046465, 0.6987056646985984, 0.6214197335507478, 0.5559966459266403, 0.5043684543806033, 0.4656515066341687, 0.43366265671621973, 0.4070947569840402, 0.3843061073739436, 0.36497642089257665, 0.34751593853640494, 0.3357283954979271, 0.3237900430501444, 0.31453885911810586, 0.30821537431653023, 0.3042901609878682, 0.29949301464484684, 0.2987046152870945, 0.2919001395442054, 0.29413931958432826, 0.2910734753898592, 0.28732981864236623, 0.2864519935042726, 0.2893343857934004, 0.2828886564010623, 0.2816159855540475, 0.2805214856359168, 0.28054114402671604, 0.2844041661697542, 0.27857203804036623, 0.2776653058919362, 0.27706802347359133, 0.2763422623067182, 0.27523566542626215, 0.2750620996833735, 0.27418277968642535, 0.2779895553961581, 0.27496538130678944, 0.2734759855161924, 0.2720582435257283, 0.2714869942321967, 0.27113210697426493, 0.27079483081823147, 0.2702556810367196, 0.26889079709601266, 0.26838741720067855, 0.2679542547863707, 0.26750928106832544, 0.26691746663416194, 0.26666619522301394, 0.26635801272514537, 0.2658228670199909, 0.26532778599421974, 0.26493113578795596, 0.2644880628615396, 0.26406355294636996, 0.26375523381385063, 0.26326508287854977, 0.262995381947881], "val_loss": [1.0540424393069359, 0.9109912400091849, 0.8484889853385187, 0.8027845152731865, 0.735148367574138, 0.6641008165574843, 0.5929521512216137, 0.5479790163809254, 0.502963008803706, 0.47730693994029877, 0.4606952115028135, 0.4519967450634126, 0.43424745613528837, 0.43102035276351436, 0.4300807519881956, 0.42373500070264264, 0.41755451471574845, 0.41357158214815204, 0.41239988288571755, 0.4202384449589637, 0.4235986025871769, 0.41136831752715575, 0.41019791618470225, 0.40628815997031426, 0.40830007630009807, 0.4101928695555656, 0.4135032739946919, 0.4093138610932135, 0.41223604071524833, 0.4099680370669211, 0.4096112551996785, 0.4092742320799059, 0.405756254196167, 0.40713826787087226, 0.4086224769007775, 0.40985400430617797, 0.4076117297910875, 0.40876189285709014, 0.40826273595133133, 0.4063807253683767, 0.4079022297551555, 0.4071052170568897, 0.40831445286350865, 0.40981133576362366, 0.4081367320399131, 0.4076724260853183, 0.4084687860550419, 0.40814683814202585, 0.4086745202925897, 0.4097997449290368, 0.40707268791814005, 0.4082055421029368, 0.40882839941209365, 0.40949566172015284, 0.40863347138127976, 0.41043580724347023, 0.40973068514177874, 0.41028991753055205, 0.4102689633830901, 0.4111907232961347, 0.4116780949408008, 0.4110610858855709, 0.41136358968673215], "val_dice": [0.030341278956902605, 0.05944146415398967, 0.08051976251986719, 0.0921720004069709, 0.13209320152959517, 0.16071362157021798, 0.16936371088027954, 0.162689497740038, 0.16903968914862602, 0.18045994400978088, 0.17981255582263392, 0.17702115319428904, 0.18921390263303633, 0.18329353576706303, 0.18153478464772624, 0.1814289250104658, 0.1880518469118303, 0.19527037235998337, 0.19045361165077457, 0.17576862150622952, 0.1690899682429529, 0.1887363103897341, 0.1899800771282565, 0.19592187793024124, 0.19371574101909514, 0.1875089390431681, 0.18052929446581872, 0.18915015978197897, 0.18591147626599958, 0.1874270417997914, 0.18792493600999155, 0.18794451282870384, 0.1921329153545441, 0.19274579805712547, 0.1918064054750627, 0.18859719030318722, 0.1918530297279358, 0.18992141112204522, 0.19250389922049738, 0.19537811775361338, 0.19193210113433098, 0.19300861727806828, 0.19062499934627164, 0.1902675131636281, 0.19248936491627847, 0.1938612381489046, 0.19237296323622427, 0.19268340676061568, 0.19261960498748287, 0.19098849571520282, 0.19454281335876833, 0.19300758796353493, 0.19236874324660147, 0.1921154042213194, 0.19340756381711652, 0.19162869647625955, 0.1922055123313781, 0.19217052644298924, 0.19186395748969048, 0.1909940460420424, 0.19071513498983075, 0.19210900918129953, 0.19157483516200896]}