{"epoch": [1, 2, 3], "train_loss": [1.354655955334213, 1.2512880509899509, 1.2002580330169097], "val_loss": [1.2595957909860918, 1.1876040030551214, 1.1689911565473003], "val_dice": [0.0073602151516849994, 0.010148583460343821, 0.011805107324792232]}