{"epoch": [1, 2, 3, 4, 5], "train_loss": [1.2528996521426785, 1.1622907749718585, 1.1075966060336384, 1.0855500506515727, 1.079202903260933], "val_loss": [1.2348420848128616, 1.1891949048606298, 1.1295889285302931, 1.1012689395617414, 1.0878958184231995], "val_dice": [0.0031570100405764194, 0.00793470043528785, 0.010873305925758936, 0.011421877069659131, 0.011785885923972695]}