volume_id,dice_Necrosis,iou_Necrosis,dice_Edema,iou_Edema,dice_Enhancing,iou_Enhancing,dice_FG_mean,iou_FG_mean
volume_178,0.0026507620092989146,0.0013382143698347625,0.20177393461324075,0.16002016010199188,0.1117538448271883,0.10447933920378548,0.10539284714990932,0.08861257122520405
volume_225,0.0031030071883647063,0.001563359505823247,0.2676464795808371,0.21028701199975638,0.1366966330042566,0.12685789255731458,0.13581537325781948,0.11290275468763142
volume_35,0.008239290194971015,0.004193769719119956,0.2025256161645115,0.18360233388491787,0.1690337123551784,0.16523170382583516,0.12659953957155365,0.11767593580995767
volume_54,0.0018236616653914297,0.0009159496564188822,0.15368672040208164,0.12934544189965452,0.10858881084768134,0.10284237160763658,0.08803306430505148,0.07770125438790333
Overall_Mean,0.003954180264506516,0.0020028233127992122,0.20640818769016775,0.17081373697158014,0.13151825025857616,0.12485282679864294,0.11396020607108348,0.0992231290276741
