volume_id,dice_Necrosis,iou_Necrosis,dice_Edema,iou_Edema,dice_Enhancing,iou_Enhancing,dice_FG_mean,iou_FG_mean
volume_179,0.8064516661592485,0.8064516661592485,0.6645161350568329,0.6645161350568329,0.6903225884343364,0.6903225884343364,0.7204301298834725,0.7204301298834725
volume_35,0.6903225860137475,0.6903225860137475,0.6000000082267227,0.6000000082267227,0.6838709709481384,0.6838709709481384,0.6580645217295361,0.6580645217295361
Overall_Mean,0.748387126086498,0.748387126086498,0.6322580716417778,0.6322580716417778,0.6870967796912374,0.6870967796912374,0.6892473258065044,0.6892473258065044
