{"epoch": [1, 2], "train_loss": [1.1142078445803734, 1.0925256867562572], "val_loss": [1.1329835653305054, 1.1220604181289673], "val_dice": [0.0, 0.0]}